{
  "avg_psnr": 13.204612617492677,
  "avg_ssim": 0.9543586805026021
}